Workbook

Sheet Salários
A1: Atletas com maiores folhas de pagamento
A2: Atleta | B2: Remuneração em 2014 | C2: Salário/Bolsa/Premiações | D2: Patrocínios | E2: Esporte
A3: Floyd Mayweather | B3: $105 M | C3: $105 M | D3: 0 | E3: Boxing
A4: Cristiano Ronaldo | B4: $80 M | C4: $52 M | D4: $28 M | E4: Soccer
A5: LeBron James | B5: $72.3 M | C5: $19.3 M | D5: $53 M | E5: Basketball
A6: Lionel Messi | B6: $64.7 M | C6: $41.7 M | D6: $23 M | E6: Soccer
A7: Kobe Bryant | B7: $61.5 M | C7: $30.5 M | D7: $31 M | E7: Basketball
A8: Tiger Woods | B8: $61.2 M | C8: $6.2 M | D8: $55 M | E8: Golf
A9: Roger Federer | B9: $56.2 M | C9: $4.2 M | D9: $52 M | E9: Tennis
A10: Phil Mickelson | B10: $53.2 M | C10: $5.2 M | D10: $48 M | E10: Golf
A11: Rafael Nadal | B11: $44.5 M | C11: $14.5 M | D11: $30 M | E11: Tennis
A12: Matt Ryan | B12: $43.8 M | C12: $42 M | D12: $1.8 M | E12: Football
A13: Manny Pacquiao | B13: $41.8 M | C13: $41 M | D13: $0.8 M | E13: Boxing
A14: Zlatan Ibrahimovic | B14: $40.4 M | C14: $36.4 M | D14: $4 M | E14: Soccer
A15: Derrick Rose | B15: $36.6 M | C15: $17.6 M | D15: $19 M | E15: Basketball
... A102: Luis Suarez | B102: $17.3 M | C102: $13.3 M | D102: $4 M | E102: Soccer

Sheet Analises
A1: Quantidade de aparições no ranking
A2: EPL | B2: =COUNTIF(Folhas_de_pagamento!C2:C232,"*EPL*") -> 0
A3: MLB | B3: =COUNTIF(Folhas_de_pagamento!D3:D233,Analises!A3) -> 0
A4: La liga | B4: =COUNTIF(Folhas_de_pagamento!D4:D234,Analises!A4) -> 0
A5: NBA | B5: =COUNTIF(Folhas_de_pagamento!D5:D235,Analises!A5) -> 0
A6: Bundesliga | B6: =COUNTIF(Folhas_de_pagamento!D6:D236,Analises!A6) -> 0
A7: Serie A | B7: =COUNTIF(Folhas_de_pagamento!D7:D237,Analises!A7) -> 0
A8: IPL | B8: =COUNTIF(Folhas_de_pagamento!D8:D238,Analises!A8) -> 0
A9: NHL | B9: =COUNTIF(Folhas_de_pagamento!D9:D239,Analises!A9) -> 0
A10: CSL | B10: =COUNTIF(Folhas_de_pagamento!D10:D240,Analises!A10) -> 0
A11: NPB | B11: =COUNTIF(Folhas_de_pagamento!D11:D241,Analises!A11) -> 0
A12: SPL | B12: =COUNTIF(Folhas_de_pagamento!D12:D242,Analises!A12) -> 0
A13: MLS | B13: =COUNTIF(Folhas_de_pagamento!D13:D243,Analises!A13) -> 0
A14: AFL | B14: =COUNTIF(Folhas_de_pagamento!D14:D244,Analises!A14) -> 0
A15: NPB | B15: =COUNTIF(Folhas_de_pagamento!D15:D245,Analises!A15) -> 0

Sheet Folhas_de_pagamento
A1: Ranking de times com maiores folhas de pagamento
A2: Ranking | B2: Ranking no último ano | C2: Time | D2: Liga | E2: Salário médio atual por jogador | F2: %Variação em relação ao ano anterior | G2: Folha salarial | H2: Ranking de folha salarial | I2: Ganho médio do jogador em 5 anos | J2: % Variação dos últimos 5 anos
A3: 1 | B3: 1 | C3: Manchester City | D3: EPL | E3: 8109912 | F3: 0.6 | G3: 202747812 | H3: 3 | I3: 31660772 | J3: 265 | L3: Quantidade de aparições no ranking
A4: 2 | B4: 5 | C4: New York Yankees | D4: MLB | E4: 8031948 | F4: 12.3 | G4: 208830659 | H4: 2 | I4: 35789052 | J4: 5 | L4: EPL | M4: =COUNTIF(D3:D294,D3=L4) -> 0
A5: 3 | B5: 2 | C5: Los Angeles Dodgers | D5: MLB | E5: 7778336 | F5: 4.1 | G5: 241128402 | H5: 1 | I5: 26226200 | J5: 79 | L5: MLB | M5: =COUNTIF(D4:D295,D4=L5) -> 0
A6: 4 | B6: 3 | C6: Real Madrid | D6: La Liga | E6: 7586438 | F6: 3.7 | G6: 189660944 | H6: 5 | I6: 36995660 | J6: 9 | L6: La liga | M6: =COUNTIF(D5:D296,D5=L6) -> 0
A7: 5 | B7: 4 | C7: Barcelona | D7: La Liga | E7: 7446562 | F7: 2.4 | G7: 193610600 | H7: 4 | I7: 37975600 | J7: 12 | L7: NBA | M7: =COUNTIF(D6:D297,D6=L7) -> 0
A8: 6 | B8: 16 | C8: Brooklyn Nets | D8: NBA | E8: 6814067 | F8: 23.6 | G8: 102211009 | H8: 51 | I8: 24108812 | J8: 65 | L8: Bundesliga | M8: =COUNTIF(D7:D298,D7=L8) -> 0
A9: 7 | B9: 9 | C9: Bayern Munich | D9: Bundesliga | E9: 6689311 | F9: 8.7 | G9: 173922091 | H9: 7 | I9: 29919552 | J9: 36 | L9: Serie A | M9: =COUNTIF(D8:D299,D8=L9) -> 0
A10: 8 | B10: 12 | C10: Manchester United | D10: EPL | E10: 6566775 | F10: 8.9 | G10: 164169367 | H10: 8 | I10: 27985256 | J10: 38 | L10: IPL | M10: =COUNTIF(D9:D300,D9=L10) -> 0
A11: 9 | B11: 19 | C11: Chicago Bulls | D11: NBA | E11: 6055463 | F11: 14.5 | G11: 78721016 | H11: 76 | I11: 24709880 | J11: 51 | L11: NHL | M11: =COUNTIF(D10:D301,D10=L11) -> 0
A12: 10 | B12: 8 | C12: Chelsea | D12: EPL | E12: 6053686 | F12: -3 | G12: 151342140 | H12: 12 | I12: 30990544 | J12: 3 | L12: CSL | M12: =COUNTIF(D11:D302,D11=L12) -> 0
A13: 11 | B13: 15 | C13: Arsenal | D13: EPL | E13: 5928172 | F13: 5.1 | G13: 148204312 | H13: 15 | I13: 25892620 | J13: 38 | L13: NPB | M13: =COUNTIF(D12:D303,D12=L13) -> 0
A14: 12 | B14: 20 | C14: NY Knicks | D14: NBA | E14: 5867808 | F14: 13.5 | G14: 88017120 | H14: 67 | I14: 24425648 | J14: 10 | L14: SPL | M14: =COUNTIF(D13:D304,D13=L14) -> 0
A15: 13 | B15: 14 | C15: Detroit Tigers | D15: MLB | E15: 5824233 | F15: 2 | G15: 163078526 | H15: 9 | I15: 24444264 | J15: 31 | L15: MLS | M15: =COUNTIF(D14:D305,D14=L15) -> 0
A16: 14 | B16: 11 | C16: Philadelphia Phillies | D16: MLB | E16: 5791002 | F16: -5.5 | G16: 179521056 | H16: 6 | I16: 27555684 | J16: 43 | L16: AFL | M16: =COUNTIF(D15:D306,D15=L16) -> 0
A17: 15 | B17: 22 | C17: Boston Red Sox | D17: MLB | E17: 5717792 | F17: 13.9 | G17: 154380395 | H17: 11 | I17: 26406068 | J17: 25
A18: 16 | B18: 17 | C18: Miami Heat | D18: NBA | E18: 5568543 | F18: 1.3 | G18: 83528143 | H18: 72 | I18: 23380396 | J18: 54
A19: 17 | B19: 23 | C19: San Francisco Giants | D19: MLB | E19: 5490339 | F19: 9.6 | G19: 148239158 | H19: 14 | I19: 21697572 | J19: 89
A20: 18 | B20: 35 | C20: Juventus | D20: Serie A | E20: 5336821 | F20: 16.2 | G20: 149431000 | H20: 13 | I20: 20990372 | J20: 139
A21: 19 | B21: 7 | C21: LA Lakers | D21: NBA | E21: 5182926 | F21: -17.6 | G21: 77743891 | H21: 78 | I21: 29883100 | J21: -7
A22: 20 | B22: 21 | C22: Liverpool | D22: EPL | E22: 5171351 | F22: 0.2 | G22: 129283779 | H22: 20 | I22: 24648884 | J22: 25
A23: 21 | B23: 18 | C23: Boston Celtics | D23: NBA | E23: 5087128 | F23: -6.2 | G23: 71219789 | H23: 86 | I23: 26422812 | J23: -5
A24: 22 | B24: 26 | C24: Oklahoma City Thunder | D24: NBA | E24: 5024550 | F24: 2.3 | G24: 70343704 | H24: 87 | I24: 20886632 | J24: 47
A25: 23 | B25: 38 | C25: Indiana Pacers | D25: NBA | E25: 4994377 | F25: 13.1 | G25: 69921277 | H25: 88 | I25: 21167692 | J25: 15
A26: 24 | B26: 33 | C26: Mumbai Indians | D26: IPL | E26: 4964375 | F26: 6.5 | G26: 12220000 | H26: 218 | I26: 21698248 | J26: 26
A27: 25 | B27: 58 | C27: Roma | D27: Serie A | E27: 4937720 | F27: 35.3 | G27: 123443000 | H27: 22 | I27: 17336800 | J27: 236
A28: 26 | B28: 24 | C28: LA Clippers | D28: NBA | E28: 4929758 | F28: -0.3 | G28: 73946375 | H28: 84 | I28: 21818264 | J28: 43
... A99: 97 | B99: 122 | C99: Detroit Red Wings | D99: NHL | E99: 2527685 | F99: 14.4 | G99: 68247500 | H99: 93 | I99: 12600744 | J99: 6
A100: 98 | B100: N/ rankeado | C100: Sunrisers Hyderabad | D100: IPL | E100: 2524438 | F100: 0 | G100: 6214000 | H100: 249 | I100: 0 | J100: 0
A101: 99 | B101: 112 | C101: Carolina Hurricanes | D101: NHL | E101: 2508600 | F101: 7.4 | G101: 62715000 | H101: 114 | I101: 11270896 | J101: 21
A102: 100 | B102: 139 | C102: Oakland Athletics | D102: MLB | E102: 2490997 | F102: 19.1 | G102: 77220900 | H102: 79 | I102: 10274160 | J102: 70
A103: 101 | B103: 99 | C103: Washington Capitals | D103: NHL | E103: 2488600 | F103: 0.9 | G103: 62215000 | H103: 119 | I103: 12400596 | J103: 7
A104: 102 | B104: 88 | C104: Valencia | D104: La Liga | E104: 2484453 | F104: -6.6 | G104: 62111320 | H104: 121 | I104: 0 | J104: 0
A105: 103 | B105: 63 | C105: Kings XI Punjab | D105: IPL | E105: 2478125 | F105: -26.1 | G105: 6100000 | H105: 250 | I105: 16717584 | J105: -36
A106: 104 | B106: 111 | C106: St Louis Blues | D106: NHL | E106: 2467660 | F106: 5.1 | G106: 64159167 | H106: 109 | I106: 10363912 | J106: 30
A107: 105 | B107: 93 | C107: Pittsburgh Penguins | D107: NHL | E107: 2456452 | F107: -4.5 | G107: 76150000 | H107: 80 | I107: 12233624 | J107: 4
A108: 106 | B108: 117 | C108: Dallas Stars | D108: NHL | E108: 2447917 | F108: 8.2 | G108: 58750000 | H108: 136 | I108: 10875852 | J108: 35
A109: 107 | B109: 135 | C109: Bayer Leverkusen | D109: Bundesliga | E109: 2440184 | F109: 15.2 | G109: 65884960 | H109: 102 | I109: 0 | J109: 0
A110: 108 | B110: 72 | C110: Werder Bremen | D110: Bundesliga | E110: 2436625 | F110: -17.5 | G110: 58479000 | H110: 137 | I110: 0 | J110: 0
A111: 109 | B111: 73 | C111: Sunderland | D111: EPL | E111: 2431002 | F111: -15.4 | G111: 60775039 | H111: 127 | I111: 11160968 | J111: 74
A112: 110 | B112: 125 | C112: Toronto Maple Leafs | D112: NHL | E112: 2427800 | F112: 10.4 | G112: 60695000 | H112: 128 | I112: 12086932 | J112: -10
... A132: 130 | B132: 145 | C132: New Orleans Saints | D132: NFL | E132: 2195643 | F132: 7.8 | G132: 116369072 | H132: 27 | I132: 11529544 | J132: -2
A133: 131 | B133: N/ rankeado | C133: West Ham | D133: EPL | E133: 2186148 | F133: 0 | G133: 54653688 | H133: 145 | I133: 9759464 | J133: -20
A134: 132 | B134: 105 | C134: Kansas City Chiefs | D134: NFL | E134: 2171845 | F134: -10.4 | G134: 115107799 | H134: 28 | I134: 9889256 | J134: 45
A135: 133 | B135: 152 | C135: Tennessee Titans | D135: NFL | E135: 2155103 | F135: 7.5 | G135: 114220438 | H135: 29 | I135: 10318464 | J135: -4
A136: 134 | B136: 132 | C136: Green Bay Packers | D136: NFL | E136: 2153098 | F136: 0.3 | G136: 114114214 | H136: 30 | I136: 10799620 | J136: 35
A137: 135 | B137: 134 | C137: Philadelphia Eagles | D137: NFL | E137: 2138436 | F137: 0.3 | G137: 113337103 | H137: 31 | I137: 10756408 | J137: 11
A138: 136 | B138: 141 | C138: Sevilla | D138: La Liga | E138: 2113136 | F138: 0.9 | G138: 52828406 | H138: 150 | I138: 0 | J138: 0
A139: 137 | B139: 142 | C139: Pittsburgh Steelers | D139: NFL | E139: 2095226 | F139: 1 | G139: 111046989 | H139: 34 | I139: 11575980 | J139: 1
A140: 138 | B140: 157 | C140: Cincinnati Bengals | D140: NFL | E140: 2090424 | F140: 9 | G140: 110792462 | H140: 35 | I140: 9324224 | J140: 18
A141: 139 | B141: 116 | C141: New York Giants | D141: NFL | E141: 2089848 | F141: -8.3 | G141: 110761966 | H141: 36 | I141: 10864984 | J141: 12
A142: 140 | B142: 106 | C142: San Francisco 49ers | D142: NFL | E142: 2083685 | F142: -12.8 | G142: 110435293 | H142: 37 | I142: 11020516 | J142: 0
A143: 141 | B143: 175 | C143: Norwich | D143: EPL | E143: 2063147 | F143: 32.7 | G143: 51578685 | H143: 151 | I143: 0 | J143: 0
A144: 142 | B144: 154 | C144: Houston Texans | D144: NFL | E144: 2056137 | F144: 3.7 | G144: 108975238 | H144: 38 | I144: 10415444 | J144: 19
A145: 143 | B145: 176 | C145: Indianapolis Colts | D145: NFL | E145: 2043495 | F145: 32.6 | G145: 108305221 | H145: 39 | I145: 9814688 | J145: 27
... A148: 146 | B148: 158 | C148: St Louis Rams | D148: NFL | E148: 2029308 | F148: 6.9 | G148: 107553299 | H148: 42 | I148: 10378004 | J148: 4
A149: 147 | B149: N/ rankeado | C149: Reading | D149: EPL | E149: 2021930 | F149: 0 | G149: 50548252 | H149: 152 | I149: 0 | J149: 0
A150: 148 | B150: 150 | C150: San Diego Chargers | D150: NFL | E150: 1987919 | F150: -1.1 | G150: 105359681 | H150: 43 | I150: 10261524 | J150: 0
A151: 149 | B151: 161 | C151: New England Patriots | D151: NFL | E151: 1946943 | F151: 5.2 | G151: 103187963 | H151: 46 | I151: 9308468 | J151: 30
A152: 150 | B152: 109 | C152: Detroit Lions | D152: NFL | E152: 1939243 | F152: -18.2 | G152: 102779899 | H152: 47 | I152: 10763740 | J152: 23
A153: 151 | B153: 165 | C153: Fiorentina | D153: Serie A | E153: 1939105 | F153: 5.7 | G153: 50416720 | H153: 153 | I153: 8546408 | J153: 200
A154: 152 | B154: 138 | C154: Baltimore Ravens | D154: NFL | E154: 1932871 | F154: -8.5 | G154: 102442174 | H154: 49 | I154: 10239164 | J154: 30
A155: 153 | B155: 174 | C155: Swansea | D155: EPL | E155: 1930169 | F155: 22.8 | G155: 48254220 | H155: 155 | I155: 0 | J155: 0
A156: 154 | B156: 114 | C156: Atlanta Falcons | D156: NFL | E156: 1928775 | F156: -16.1 | G156: 102225091 | H156: 50 | I156: 10147280 | J156: 20
A157: 155 | B157: N/ rankeado | C157: Southampton | D157: EPL | E157: 1893656 | F157: 0 | G157: 47341388 | H157: 158 | I157: 0 | J157: 0
A158: 156 | B158: 156 | C158: Dallas Cowboys | D158: NFL | E158: 1875631 | F158: -3.4 | G158: 99408451 | H158: 55 | I158: 11786164 | J158: -32
A159: 157 | B159: 123 | C159: Florida Panthers | D159: NHL | E159: 1850206 | F159: -16.2 | G159: 48105357 | H159: 156 | I159: 10283156 | J159: -13
A160: 158 | B160: 140 | C160: Washington Redskins | D160: NFL | E160: 1842903 | F160: -11.6 | G160: 97673836 | H160: 57 | I160: 10619232 | J160: -5
A161: 159 | B161: 108 | C161: New York Jets | D161: NFL | E161: 1810373 | F161: -23.8 | G161: 95949754 | H161: 58 | I161: 10934508 | J161: -10
A162: 160 | B162: 151 | C162: Buffalo Bills | D162: NFL | E162: 1801940 | F162: -10.2 | G162: 95502828 | H162: 59 | I162: 9919884 | J162: -9
A163: 161 | B163: N/ rankeado | C163: Eintracht Frankfurt | D163: Bundesliga | E163: 1787974 | F163: 0 | G163: 44699360 | H163: 161 | I163: 0 | J163: 0
A164: 162 | B164: 144 | C164: Cleveland Browns | D164: NFL | E164: 1784230 | F164: -13.5 | G164: 94564171 | H164: 60 | I164: 10437700 | J164: -19
A165: 163 | B165: 146 | C165: Miami Dolphins | D165: NFL | E165: 1768309 | F165: -13.1 | G165: 93720356 | H165: 61 | I165: 10345088 | J165: -7
A166: 164 | B166: 163 | C166: Athletic Bilbao | D166: La Liga | E166: 1760947 | F166: -4.3 | G166: 44023672 | H166: 162 | I166: 0 | J166: 0
A167: 165 | B167: 160 | C167: New York Islanders | D167: NHL | E167: 1755500 | F167: -6.2 | G167: 43887500 | H167: 163 | I167: 7706712 | J167: 26
A168: 166 | B168: 168 | C168: Wigan | D168: EPL | E168: 1754850 | F168: 2.8 | G168: 43871260 | H168: 164 | I168: 8810204 | J168: 6
A169: 167 | B169: 169 | C169: Celtic | D169: SPL | E169: 1746198 | F169: 2.7 | G169: 43654958 | H169: 165 | I169: 8201804 | J169: 26
A170: 168 | B170: 148 | C170: Borussia Monchengladbach | D170: Bundesliga | E170: 1741196 | F170: -14.1 | G170: 43529900 | H170: 166 | I170: 0 | J170: 0
A171: 169 | B171: 179 | C171: Hannover 96 | D171: Bundesliga | E171: 1724204 | F171: 16.8 | G171: 44829300 | H171: 160 | I171: 0 | J171: 0
A172: 170 | B172: 94 | C172: Rajasthan Royals | D172: IPL | E172: 1716406 | F172: -33.1 | G172: 4225000 | H172: 268 | I172: 12071384 | J172: -28
A173: 171 | B173: 170 | C173: Hoffenheim | D173: Bundesliga | E173: 1715208 | F173: 2.4 | G173: 42880200 | H173: 168 | I173: 0 | J173: 0
A174: 172 | B174: 181 | C174: Malaga | D174: La Liga | E174: 1704813 | F174: 20.5 | G174: 42620320 | H174: 169 | I174: 0 | J174: 0
A175: 173 | B175: 143 | C175: Carolina Panthers | D175: NFL | E175: 1690263 | F175: -18.3 | G175: 89583962 | H175: 64 | I175: 10575656 | J175: -16
... A178: 176 | B178: 185 | C178: Miami Marlins | D178: MLB | E178: 1549515 | F178: 36.4 | G178: 41836900 | H178: 170 | I178: 10576540 | J178: 17
A179: 177 | B179: N/ rankeado | C179: Sampdoria | D179: Serie A | E179: 1434153 | F179: 0 | G179: 38722120 | H179: 171 | I179: 4812236 | J179: 150
A180: 178 | B180: N/ rankeado | C180: Guangzhou Evergrande | D180: CSL | E180: 1432353 | F180: 0 | G180: 48700000 | H180: 154 | I180: 0 | J180: 0
A181: 179 | B181: 167 | C181: Genoa | D181: Serie A | E181: 1341166 | F181: -24.9 | G181: 37552660 | H181: 172 | I181: 7358208 | J181: 36
A182: 180 | B182: 187 | C182: Mainz | D182: Bundesliga | E182: 1247424 | F182: 10.2 | G182: 31185600 | H182: 175 | I182: 0 | J182: 0
A183: 181 | B183: 180 | C183: Nuremberg | D183: Bundesliga | E183: 1237484 | F183: -13.5 | G183: 30937100 | H183: 176 | I183: 0 | J183: 0
A184: 182 | B184: 173 | C184: Oakland Raiders | D184: NFL | E184: 1178657 | F184: -26.1 | G184: 62468795 | H184: 117 | I184: 10726976 | J184: -54
A185: 183 | B185: 183 | C185: Yomiuri Giants | D185: NPB | E185: 1178036 | F185: -8.4 | G185: 31806977 | H185: 174 | I185: 6354816 | J185: -25
A186: 184 | B186: 182 | C186: Getafe | D186: La Liga | E186: 1157194 | F186: -16.8 | G186: 28929842 | H186: 179 | I186: 0 | J186: 0
A187: 185 | B187: 204 | C187: Real Sociedad | D187: La Liga | E187: 1157194 | F187: 34.3 | G187: 28929842 | H187: 180 | I187: 0 | J187: 0
A188: 186 | B188: 184 | C188: Palermo | D188: Serie A | E188: 1126147 | F188: -5.7 | G188: 30405960 | H188: 178 | I188: 5857488 | J188: 53
A189: 187 | B189: 159 | C189: Arizona Cardinals | D189: NFL | E189: 1123249 | F189: -40.6 | G189: 59532174 | H189: 133 | I189: 9461972 | J189: -48
A190: 188 | B190: 188 | C190: Bologna | D190: Serie A | E190: 1118272 | F190: -1.1 | G190: 36902960 | H190: 173 | I190: 0 | J190: 0
A191: 189 | B191: 198 | C191: Mallorca | D191: La Liga | E191: 1106881 | F191: 18.8 | G191: 27672022 | H191: 182 | I191: 0 | J191: 0
A192: 190 | B192: 196 | C192: Atalanta | D192: Serie A | E192: 1099849 | F192: 13.9 | G192: 30795780 | H192: 177 | I192: 0 | J192: 251
... A196: 194 | B196: 192 | C196: Parma | D196: Serie A | E196: 983831 | F196: -3.4 | G196: 27547280 | H196: 183 | I196: 3421496 | J196: 120
...
